labels	partner_description
0	['win', 'injure', 'go', 'marry', 'like', 'like', 'feminist', 'friend']
1	['die', 'submit', 'confront', 'wife', 'marriage', 'marriage', 'cause', 'come', 'go', 'cancel', 'cause', 'come', 'go', 'cancel', 'engine', 'engine', 'barrister', 'salesman', 'go', 'marry', 'hesitate', 'relent', 'love', 'marry', 'accept', 'start', 'mother', 'arrive', 'love', 'present', 'sort', 'refuse', 'proceed', 'start', 'mother', 'arrive', 'love', 'present', 'sort', 'refuse', 'proceed', 'find', 'forgive', 'fight', 'rap', 'find', 'forgive', 'fight', 'rap', 'house', 'house', 'put', 'know', 'confront', 'Reunited', 'report', 'leave', 'visit', 'marry', 'Reunited', 'leave', 'believe', 'suspicion', 'daughter', 'house', 'beautiful', 'sister', 'gift', 'elegant', 'Senator', 'find', 'visit', 'bear', 'prefer', 'find', 'talk', 'grab', 'shock', 'tell', 'get', 'climb', 'find', 'drain', 'decision', 'exchange', 'winner', 'wife', 'woman', 'exchange', 'winner', 'husband', 'arrive', 'back', 'insist', 'find', 'rescue', 'husband', 'scour', 'return', 'discover', 'room', 'room', 'hurt', 'say', 'take', 'plead', 'run', 'hide', 'prescribe', 'hide', 'accept', 'leave', 'hound', 'leave', 'allow', 'wife', 'one', 'leave', 'give', 'brother', 'company', 'wife', 'panicky', 'receive', 'learn', 'confront', 'intervene', 'relay', 'exit', 'feel', 'ask', 'meet', 'give', 'impress', 'receive', 'leave', 'return', 're-enter', 'discover', 'believe', 'notice', 'decline', 'manage', 'face', 'explain', 'subdue', 'use', 'hire', 'rebuff', 'slap', 'impress', 'threaten', 'charge', 'approach', 'offer', 'tell', 'receive', 'inform', 'slip', 'insurance', 'method', 'belt', 'wife', 'tell', 'try', 'upset', 'pretend', 'ask', 'smash', 'collaborate', 'become', 'fail', 'stalk', 'wait', 'give', 'leave', 'arrive', 'hear', 'lunch', 'meet', 'see', 'seduce', 'bring', 'marry', 'take', 'locate', 'love', 'call', 'note', 'attendance', 'girlfriend', 'absence', 'relationship', 'contact', 'cellphone', 'break', 'take', 'rid', 'explain', 'tell', 'marry', 'hide', 'try', 'find', 'marry', 'attack', 'employer', 'knock', 'give', 'rescue', 'rescue', 'tell', 'tell', 'offer', 'learn', 'marry', 'ask', 'lead', 'rescue', 'help', 'hand', 'vaporize', 'pick', 'pick', 'destiny', 'stakeout', 'start', 'excel', 'miss', 'realise', 'exasperate', 'go', 'come', 'marry', 'exasperate', 'leave', 'ask', 'childishness', 'name', 'name', 'daughter', 'enter', 'ask', 'find', 'rid', 'tell', 'wife', 'marry', 'take', 'refuse', 'give', 'change', 'struggle', 'part', 'ask', 'lose', 'cause', 'oversee', 'ask', 'put', 'divorce', 'change', 'son', 'curse', 'father', 'son', 'conflict', 'do', 'agree', 'rid', 'go', 'debut', 'continue', 'sing', 'leave', 'marry', 'come', 'sneak', 'perform', 'experience', 'play', 'run', 'take', 'speak', 'succumb', 'head', 'begin', 'pay', 'feed', 'find', 'rid', 'lock', 'head', 'call', 'pick', 'rap', 'see', 'embark', 'leave', 'tour', 'set', 'career', 'fragile', 'debut', 'hysterical', 'singer', 'run', 'fall', 'get', 'go', 'pretend', 'marry', 'win', 'stay', 'run', 'name', 'want', 'marry', 'assure', 'goon', 'mother', 'identity', 'family', 'uncle', 'fiancee', 'encourage', 'inform', 'follow', 'meet', 'abandon', 'realise', 'show', 'abandon', 'continue', 'help', 'hire', 'trail', 'overhear', 'start', 'believe', 'find', 'start', 'get', 'go', 'bring', 'fall', 'resume', 'shoot', 'protect', 'fall', 'reconcile', 'reconstruct', 'husband', 'trunk', 'corpse', 'real', 'likeness', 'identity', 'wallet', 'body', 'wary', 'abusive', 'cautious', 'pose', 'discover', 'watch', 'look', 'meet', 'return', 'commit', 'arrest', 'chastise', 'break', 'beg', 'confront', 'send', 'lament', 'separate', 'discover', 'pose', 'release', 'show', 'treat', 'break', 'pick', 'visit', 'choose', 'remand', 'learning', 'sheet', 'learning', 'assessment', 'marrying', 'assessment', 'objection', 'orphan', 'lack', 'life', 'marriage', 'desirable', 'sympathetic', 'try', 'marry', 'sign', 'title', 'sign', 'device', 'cooperation', 'character', 'certificate', 'get', 'think', 'look', 'talk', 'go', 'find', 'marry', 'see', 'speak', 'grandmother', 'back', 'wedding', 'marriage', 'call', 'aunt', 'leaving', 'student', 'able', 'student', 'get', 'think', 'look', 'talk', 'go', 'find', 'marry', 'see', 'speak', 'grandmother', 'back', 'wedding', 'marriage', 'call', 'aunt', 'leaving', 'student', 'able', 'student', 'attend', 'begin', 'keep', 'pay', 'head', 'arrive', 'take', 'enter', 'pray', 'begin', 'write', 'leave', 'join', 'instruct', 'tell', 'drive', 'see', 'determination', 'departure', 'get', 'assume', 'lose', 'hijack', 'say', 'drive', 'taunt', 'kill', 'tell', 'wait', 'insist', 'draw', 'ensue', 'send', 'get', 'cross', 'pursue', 'give', 'send', 'urge', 'wife', 'station', 'incredulous', 'get', 'assume', 'lose', 'hijack', 'say', 'drive', 'taunt', 'kill', 'tell', 'wait', 'insist', 'draw', 'ensue', 'send', 'get', 'cross', 'pursue', 'give', 'send', 'urge', 'wife', 'station', 'incredulous', 'escape', 'give', 'give', 'live', 'faint', 'confront', 'agree', 'expose', 'intervene', 'try', 'find', 'force', 'take', 'convince', 'find', 'inform', 'attitude', 'story', 'pregnant', 'recover', 'notice', 'wife', 'affair', 'affair', 'take', 'seem', 'give', 'admit', 'live', 'frighten', 'run', 'discover', 'ask', 'take', 'pretend', 'beach', 'mermaid', 'mermaid', 'girl', 'arrive', 'infiltrate', 'meet', 'try', 'meet', 'kill', 'encounter', 'meet', 'intervene', 'place', 'take', 'return', 'know', 'decide', 'hire', 'find', 'live', 'write', 'withhold', 'cause', 'work', 'lie', 'share', 'share', 'learn', 'live', 'leave', 'wear', 'shove', 'tell', 'accuse', 'come', 'know', 'confront', 'live', 'marry', 'cause', 'outrage', 'show', 'wonder', 'stay', 'wary', 'action', 'responsibility', 'father', 'behalf', 'eavesdrop', 'separate', 'begin', 'turn', 'wander', 'cross', 'commit', 'hover', 'hear', 'separate', 'tell', 'ask', 'take', 'think', 'save', 'ability', 'apartment', 'couple', 'stay', 'grow', 'offer', 'sing', 'fall', 'fall', 'first', 'safety', 'safety', 'safety', 'hysterical', 'waterway', 'singer', 'kill', 'implicate', 'kill', 'murder', 'murder']
2	['defend', 'give', 'watch', 'approach', 'bring', 'disbar', 'manage', 'discover', 'bury', 'keep', 'attempt', 'crush', 'admit', 'betray', 'defend', 'give', 'watch', 'approach', 'bring', 'disbar', 'manage', 'discover', 'bury', 'keep', 'attempt', 'crush', 'admit', 'betray', 'defend', 'give', 'watch', 'approach', 'bring', 'disbar', 'manage', 'discover', 'bury', 'keep', 'attempt', 'crush', 'admit', 'betray', 'realize', 'take', 'overpower', 'prove', 'swim', 'disbar', 'decide', 'persuade', 'hire', 'interrupt', 'testify', 'make', 'attack', 'kill', 'allow', 'beat', 'use', 'remind', 'persuade', 'hear', 'gain', 'confront', 'hire', 'track', 'kill', 'allow', 'beat', 'use', 'remind', 'persuade', 'hear', 'gain', 'confront', 'hire', 'track', 'kill', 'allow', 'beat', 'use', 'remind', 'persuade', 'hear', 'gain', 'confront', 'hire', 'track', 'go', 'kill', 'attack', 'cause', 'track', 'appearance', 'order', 'colleague', 'colleague', 'wife', 'threat', 'departure', 'lawyer', 'appearance', 'order', 'colleague', 'colleague', 'wife', 'threat', 'departure', 'lawyer', 'appearance', 'order', 'colleague', 'colleague', 'wife', 'threat', 'departure', 'lawyer', 'friend', 'Eluding', 'lawyer', 'family', 'judge', 'prosecutor', 'lawyer', 'lawyer', 'die', 'meet', 'linger', 'keep', 'visit', 'take', 'comatose', 'head', 'wife', 'body', 'support', 'take', 'orphan', 'get', 'appear', 'say', 'come', 'save', 'come', 'kill', 'marry', 'murder', 'kill', 'deceased', 'succeed', 'know', 'know', 'refuse', 'get', 'appear', 'take', 'take', 'kill', 'arrest', 'confidence', 'daughter', 'start', 'marry', 'embezzle', 'murder', 'narrator', 'start', 'kill', 'convict', 'sentence', 'marry', 'custody', 'climber', 'meet', 'realize', 'ask', 'call', 'stop', 'demand', 'arrive', 'tell', 'confess', 'wear', 'leave', 'go', 'suspect', 'tell', 'hurt', 'see', 'arouse', 'comfort', 'son', 'son', 'son', 'startling', 'gynecologist', 'gynecologist', 'go', 'run', 'tell', 'know', 'fly', 'call', 'bash', 'assault', 'retrieve', 'promise', 'body', 'wife', 'location', 'brother', 'confront', 'claim', 'confront', 'find', 'talk', 'husband', 'ask', 'try', 'realize', 'escape', 'son', 'builder', 'fly', 'holiday', 'start', 'influence', 'fly', 'continue', 'leave', 'wife', 'free', 'escape', 'hold', 'suggest', 'use', 'walk', 'shake', 'make', 'introduce', 'use', 'attack', 'murder', 'inform', 'rescue', 'find', 'rescue', 'wife', 'ruse']
3	[]
4	['attempt', 'lead', 'leave', 'leave', 'lead', 'kill', 'kill', 'wife', 'disguise', 'disguise', 'head', 'return', 'leave', 'age', 'visit', 'get', 'return', 'letter', 'love', 'ego', 'house', 'letter', 'sister', 'mom', 'relationship', 'love', 'pretend', 'send', 'tell', 'assure', 'get', 'go', 'convince', 'manage', 'find', 'decide', 'help', 'outwit', 'fall', 'get', 'engage', 'get', 'receive', 'send', 'pacify', 'wife', 'dad', 'fiancee', 'truth', 'truth', 'family', 'nephew', 'discover', 'fail', 'talk', 'go', 'discover', 'confront', 'marry', 'recognize', 'marriage', 'groom', 'groom', 'SWAMI', 'manage', 'go', 'discover', 'notice', 'climb', 'realize', 'save', 'escape', 'slap', 'believe', 'eye', 'eye']
5	['shoot', 'reload', 'appear', 'switch', 'surround', 'place', 'present', 'use', 'act', 'reveal', 'assault', 'discover', 'shoot', 'think', 'shoot', 'reload', 'appear', 'switch', 'surround', 'place', 'present', 'use', 'act', 'reveal', 'assault', 'discover', 'shoot', 'think', 'prosecute', 'acquit', 'arrest', 'implicate', 'confront', 'prosecute', 'acquit', 'arrest', 'implicate', 'confront', 'engineer', 'confessing', 'handgun', 'confession', 'gun', 'request', 'one', 'arrest', 'plan', 'engineer', 'confessing', 'handgun', 'confession', 'gun', 'request', 'one', 'arrest', 'plan', 'aeronautical engineer', 'attorney', 'pay', 'collect', 'slip', 'emerge', 'watch', 'explode', 'enter', 'declare', 'find', 'leave', 'reveal', 'snap', 'make', 'go', 'join', 'begin', 'Joining', 'collect', 'explore', 'explode', 'rescue', 'leave', 'dig', 'murder', 'free', 'wife', 'thinking', 'night', 'disheveled', 'charge', 'spy', 'gurney', 'take', 'advise', 'hire', 'suspect', 'make', 'threaten', 'kill', 'shoot', 'confront', 'throw', 'photo', 'office', 'phone', 'phone', 'body', 'owner', 'photo', 'murder', 'safe', 'alive', 'safe', 'owner']
6	['suffocate', 'attach', 'visit', 'kill', 'reveal', 'walk', 'state', 'slap', 'accept', 'go', 'decide', 'investigate', 'indicate', 'unsatisfied', 'card', 'card', 'husband', 'wake', 'take', 'start', 'cancel', 'marry', 'love', 'love', 'daughter', 'believe', 'realise', 'take', 'lock', 'defeat', 'keep', 'marry', 'father', 'brother', 'sibling', 'say', 'take', 'fall', 'accept', 'death', 'wife', 'discomfort', 'take', 'officer', 'manage', 'go', 'begin', 'offer', 'swear', 'agree', 'police', 'jump', 'swear', 'reveal', 'reach', 'fell', 'manage', 'recognize', 'fight', 'aid', 'exact', 'fell', 'shoot', 'let', 'persuade', 'put', 'make', 'accept', 'target', 'track', 'forgive', 'kill', 'attack', 'distraught', 'attempt', 'wife', 'anger', 'whereabouts', 'treating', 'weary', 'village', 'fallout', 'attempt', 'life', 'briefcase', 'house', 'distraught', 'mask', 'men', 'hatred', 'one', 'Superintendent', 'Superintendent', 'stag', 'shoot', 'result', 'show', 'succumb', 'pull', 'try', 'want', 'rob', 'do', 'implore', 'reconcile', 'oppose', 'insist', 'kill', 'rob', 'possessive', 'shoot', 'agree', 'confess', 'leave', 'do', 'reconcile', 'confront', 'run', 'protect', 'confront', 'trail', 'follow', 'meet', 'save', 'con', 'find', 'determine', 'abandon', 'kill', 'blame', 'argument', 'driving', 'love', 'recovery', 'affair', 'recovery', 'abusive', 'work', 'fear', 'father', 'track', 'eat', 'include', 'fall', 'eat', 'decide', 'work', 'fear', 'father', 'track', 'eat', 'include', 'fall', 'eat', 'decide', 'document', 'view', 'determine', 'injure', 'kill', 'fall', 'document', 'view', 'determine', 'injure', 'kill', 'fall', 'vessel', 'nemesis', 'wife', 'documentary', 'producer', 'crew', 'envious', 'sterile', 'envious', 'vessel', 'nemesis', 'wife', 'documentary', 'producer', 'crew', 'envious', 'sterile', 'envious', 'pilot', 'oceanographer', 'suave', 'marry', 'nemesis', 'rich', 'successful']
7	['reveal', 'Confronted', 'shout', 'publish', 'find', 'write', 'send', 'notice', 'end', 'join', 'publish', 'make', 'meet', 'fall', 'Confronted', 'marry', 'character', 'character', 'begin', 'marry', 'tell', 'rush', 'tell', 'manage', 'risk', 'air', 'notice', 'reciprocate', 'end', 'trigger', 'follow', 'confront', 'record', 'find', 'find', 'present', 'send', 'realise', 'receive', 'get', 'escape', 'meet', 'begin', 'kill', 'end', 'save', 'feeling', 'photojournalist', 'love', 'feeling', 'photojournalist', 'seduce', 'get', 'bet', 'consider', 'tell', 'end', 'marry', 'action', 'snob', 'friend', 'surprise', 'costume', 'admission', 'escape', 'let', 'awaken', 'fight', 'give', 'wife', 'brother']
8	['lie', 'go', 'marriage', 'house', 'husband', 'call', 'call', 'marriage', 'realize', 'kill', 'learn', 'refuse', 'threaten', 'marry', 'meet', 'end', 'convince', 'walk', 'die', 'join', 'recover', 'begin', 'arrange', 'tell', 'hire', 'fall', 'find', 'meet', 'kill', 'shoot', 'inform', 'attack', 'attack', 'throat', 'begin', 'sneak', 'pass', 'go', 'make', 'arrive', 'notice', 'go', 'threaten', 'separate', 'abandon', 'rescue', 'doctor', 'doctor', 'attack', 'attack', 'hide', 'call', 'bite', 'wife', 'get', 'hide', 'amend', 'find', 'find', 'hide', 'attitude', 'intention', 'thinking', 'husband']
9	['lack', 'prepare', 'become', 'become', 'confront', 'wife', 'discover', 'hear', 'run', 'attack', 'friend', 'suggest', 'drive', 'furious', 'take', 'ask', 'confusion', 'car', 'room', 'confusion', 'husband', 'marry', 'kill', 'daughter', 'daughter', 'King', 'move', 'reveal', 'perform', 'shoot', 'release', 'activate', 'marry', 'ambulance', 'ambulance', 'doctor']
10	['warn', 'become', 'body', 'find', 'escape', 'lose', 'watch', 'tell', 'lock', 'wife', 'fall', 'marry', 'stand', 'fight', 'run', 'bring', 'meet', 'run', 'brother', 'son', 'marry', 'find', 'quit', 'start', 'marry', 'find', 'quit', 'start', 'Finding', 'meet', 'Finding', 'meet', 'meet', 'become', 'wander', 'run', 'watch', 'lament', 'arrest', 'go', 'tell', 'lament', 'sign', 'move', 'snap', 'spy', 'go', 'lament', 'release', 'discover', 'separate', 'look', 'slap', 'show', 'recruit', 'give', 'seduce', 'visit', 'choose', 'manufacture', 'chastise', 'face', 'suck', 'lament', 'pick', 'meet', 'teacher', 'connection', 'ego', 'wife', 'head', 'groupie', 'parent']
11	['delight', 'relay', 'find', 'bind', 'ailing', 'wife', 'think', 'say', 'murder', 'know', 'go', 'drive', 'slam', 'knock', 'tell', 'arrive', 'call', 'turn', 'assume', 'kill', 'tell', 'trust', 'visit', 'photo', 'photo', 'apartment', 'wife', 'gun', 'arrival']
12	['think', 'injure', 'impose', 'swerve', 'make', 'avoid', 'attack', 'leave', 'concern', 'embarrass', 'pact', 'accident', 'accident', 'nature', 'propose', 'return', 'arrive', 'collaborate', 'lock', 'get', 'find', 'answer', 'marry', 'explain', 'sneak', 'realize', 'learn', 'let', 'apologize', 'bring', 'cheat', 'take', 'confront', 'hit', 'tell', 'entice', 'intend', 'cause', 'tell', 'try', 'attend', 'seduce', 'feel', 'goad', 'get', 'show', 'seduce', 'leave', 'apartment', 'girlfriend', 'heart', 'woman', 'computer', 'ingenuity', 'address', 'alone', 'return', 'distract', 'kill', 'cruel', 'husband', 'see', 'steal', 'think', 'douse', 'take', 'narrate', 'end', 'know', 'rescue', 'go', 'rescue', 'remember', 'lose', 'watch', 'try', 'meet', 'learn', 'conclude', 'learn', 'begin', 'run', 'ask', 'realize', 'give', 'found', 'upset', 'see', 'steal', 'think', 'douse', 'take', 'narrate', 'end', 'know', 'rescue', 'go', 'rescue', 'remember', 'lose', 'watch', 'try', 'meet', 'learn', 'conclude', 'learn', 'begin', 'run', 'ask', 'realize', 'give', 'found', 'upset', 'learn', 'ask', 'greet', 'tell', 'upset', 'sell', 'watch', 'inspire', 'prevent', 'learn', 'ask', 'greet', 'tell', 'upset', 'sell', 'watch', 'inspire', 'prevent', 'motel', 'argument', 'tongue', 'friend', 'approach', 'father', 'character', 'sister', 'passing', 'adult', 'handyman', 'motel', 'argument', 'tongue', 'friend', 'approach', 'father', 'character', 'sister', 'passing', 'adult', 'handyman', 'principal', 'handyman']
13	['try', 'discover', 'stop', 'pull', 'wife', 'able', 'suggest', 'suggest', 'leave', 'death', 'sister', 'dead', 'accident', 'graduation', 'wife', 'star', 'explain', 'upset', 'set', 'flash', 'confide', 'agree', 'write', 'find', 'threaten', 'find', 'feel', 'convince', 'tell', 'rob', 'confide', 'upset', 'hat', 'expose', 'catch', 'ponder', 'marry', 'force', 'confess', 'leave', 'one', 'evidence', 'photograph', 'employer', 'charge', 'photograph', 'behavior', 'sister', 'friend', 'photo', 'photo', 'uncle', 'detective', 'unworthy', 'arrive', 'attack', 'examine', 'find', 'decide', 'fly', 'hear', 'examine', 'find', 'issue', 'leave', 'drop', 'lead', 'use', 'wonder', 'survivor', 'stand', 'climb', 'peel', 'become', 'kill', 'follow', 'crush', 'shoot', 'alive', 'wife', 'image', 'image', 'dead']
14	['look', 'strap', 'return', 'pull', 'discover', 'stumble', 'visit', 'ask', 'begin', 'find', 'locate', 'enter', 'look', 'strap', 'return', 'pull', 'discover', 'stumble', 'visit', 'ask', 'begin', 'find', 'locate', 'enter', 'see', 'call', 'convince', 'attack', 'notice', 'tell', 'see', 'call', 'convince', 'attack', 'notice', 'tell', 'viewing', 'night', 'trapping', 'sister', 'house', 'wife', 'ceiling', 'distraught', 'viewing', 'night', 'trapping', 'sister', 'house', 'wife', 'ceiling', 'distraught', 'police detective', 'security guard', 'return', 'find', 'walk', 'leave', 'monitor', 'husband', 'refuse', 'recognize', 'search', 'go', 'commit', 'call', 'cross', 'revive', 'go', 'tell', 'ask', 'couple']
15	[]
16	[]
17	['follow', 'see', 'see', 'pin', 'accept', 'marry', 'ask', 'win', 'injure', 'go', 'marry', 'like', 'like', 'feminist', 'friend', 'elope', 'marry', 'elope', 'meet', 'combat', 'man', 'affair', 'elope', 'marry', 'elope', 'meet', 'combat', 'man', 'affair', 'find', 'call', 'like', 'lose', 'steal', 'pay', 'refuse', 'rush', 'confess', 'manage', 'replace', 'try', 'marry', 'marry', 'confirm', 'go', 'mess', 'see', 'punch', 'pose', 'make', 'try', 'marry', 'call', 'get', 'decide', 'claim', 'reach', 'leave', 'meet', 'learn', 'impress', 'give', 'become', 'tell', 'get', 'embrace', 'return', 'convince', 'love', 'propose', 'want', 'see', 'mess', 'link', 'best', 'night', 'friend', 'grandfather', 'friend', 'way', 'romance', 'way', 'best', 'find', 'call', 'like', 'lose', 'steal', 'pay', 'refuse', 'rush', 'confess', 'manage', 'replace', 'try', 'marry', 'marry', 'confirm', 'go', 'mess', 'see', 'punch', 'pose', 'make', 'try', 'marry', 'call', 'get', 'decide', 'claim', 'reach', 'leave', 'meet', 'learn', 'impress', 'give', 'become', 'tell', 'get', 'embrace', 'return', 'convince', 'love', 'propose', 'want', 'see', 'mess', 'link', 'best', 'night', 'friend', 'grandfather', 'friend', 'way', 'romance', 'way', 'best']
18	['remarry', 'free', 'act', 'cause', 'comfort', 'ex-wife', 'refuge', 'learn', 'head', 'kill', 'find', 'play', 'remarry', 'undergo', 'show', 'depart', 'explain', 'realize', 'take', 'refuse', 'start', 'catch', 'murder', 'seek', 'hold', 'explain', 'attempt', 'decide', 'approach', 'capture', 'kill', 'hide', 'kill', 'control', 'hunt', 'free', 'addiction', 'report', 'chief', 'victim', 'member', 'Captain', 'finish', 'try', 'attempt', 'catch', 'eat', 'catch', 'begin', 'apologize', 'die', 'arrive', 'tell', 'see', 'convince', 'spy', 'man', 'lawn', 'soul', 'wife', 'house', 'realize', 'call', 'receive', 'kidnap', 'joyful', 'husband', 'amazed', 'husband', 'psychiatrist', 'arrange', 'know', 'allow', 'murder', 'wife', 'believe', 'insist', 'realize', 'blame', 'assume', 'director']
19	['rush', 'cut', 'succeed', 'station', 'start', 'take', 'give', 'lift', 'learn', 'go', 'ask', 'tell', 'pull', 'try', 'learn', 'rush', 'cut', 'succeed', 'station', 'start', 'take', 'give', 'lift', 'learn', 'go', 'ask', 'tell', 'pull', 'try', 'learn', 'rush', 'cut', 'succeed', 'station', 'start', 'take', 'give', 'lift', 'learn', 'go', 'ask', 'tell', 'pull', 'try', 'learn', 'kill', 'stop', 'track', 'receive', 'kill', 'stop', 'track', 'receive', 'kill', 'stop', 'track', 'receive', 'deal', 'eyed', 'son', 'cop', 'arm', 'vain', 'deal', 'eyed', 'son', 'cop', 'arm', 'vain', 'deal', 'eyed', 'son', 'cop', 'arm', 'vain', 'Inspector', 'gangster', 'police officer']
20	['offer', 'discover', 'rape', 'rejoin', 'bank', 'wife', 'recover', 'love', 'awaken', 'disconnect', 'die', 'force', 'plan', 'learn', 'forgive', 'force', 'allow', 'give', 'describe', 'die', 'tryst', 'husband', 'coma', 'husband', 'prognosis', 'bed', 'affair', 'wife', 'lover', 'husband', 'death', 'coma', 'ash', 'dead', 'cheat', 'kick', 'kick', 'begin', 'leave', 'upset', 'ask', 'breastfeed', 'get', 'plan', 'tell', 'comfort', 'find', 'kiss', 'disturb', 'color', 'sex', 'wife']
21	[]
22	['like', 'marry', 'meet', 'Finally', 'Finally', 'marry', 'go', 'marry', 'refuse', 'misunderstand', 'meet', 'say', 'student', 'parent', 'betrayal', 'student', 'date', 'win', 'forgive', 'take', 'win', 'lose', 'father']
23	['get', 'follow', 'marry', 'find', 'confront', 'miss', 'arrange', 'get', 'follow', 'marry', 'find', 'confront', 'miss', 'arrange', 'meet', 'flee', 'force', 'meet', 'flee', 'force', 'arrive', 'ignore', 'sit', 'find', 'hold', 'come', 'investigate', 'call', 'hold', 'wife', 'follow', 'beat', 'save', 'marry', 'save', 'love']
24	['emit', 'attempt', 'crumble', 'convince', 'wife', 'present', 'accept', 'state', 'walk', 'wife']
25	['feel', 'wife', 'disapproval', 'amusement', 'insistence', 'do', 'convince', 'testify', 'treat', 'tell', 'call', 'take', 'kill', 'notice', 'accuse', 'give', 'confront', 'drive', 'tell', 'warm', 'realize', 'hear', 'pass', 'prove', 'meet', 'try', 'realize', 'kill', 'find', 'take', 'track', 'show', 'hold', 'save', 'hurt', 'head', 'interrogating', 'car', 'sceptical', 'join', 'marry', 'win', 'plan', 'arrive', 'take', 'manage', 'travel', 'steal', 'farewell', 'apart', 'apart']
26	['run', 'buy', 'bring', 'stall', 'die', 'buy', 'sign', 'disclose', 'say', 'meet', 'admit', 'invite', 'die', 'sign', 'meet', 'daughter', 'wife', 'daughter', 'son', 'daughter', 'ill', 'CEO', 'claim', 'find', 'support', 'attract', 'perform', 'split', 'offer', 'train', 'prove', 'contractor', 'prepare', 'stand', 'decide', 'end', 'lock', 'awaken', 'receive', 'take', 'run', 'lock', 'end', 'confess', 'awaken', 'diary', 'behavior', 'closer', 'marry', 'reveal', 'meet', 'sister', 'rift', 'past', 'child', 'come', 'mother', 'save', 'hear', 'tell', 'wake', 'begin', 'find', 'pick', 'come', 'leave', 'return', 'become', 'crawl', 'break', 'escape', 'begin', 'think', 'collect', 'tell', 'believe', 'begin', 'catch', 'look', 'kill', 'illustrator', 'home', 'husband', 'house', 'daughter', 'illustrator', 'take', 'come', 'faint', 'tell', 'arrive', 'threaten', 'distract', 'arrest', 'faint', 'meet', 'find', 'daughter', 'wife', 'seeing', 'reveal', 'die', 'distort', 'watch', 'cousin', 'funeral', 'death', 'believe', 'learn', 'arrive', 'manage', 'allow', 'confront', 'kill', 'escape', 'ask', 'murder', 'son', 'murder', 'husband', 'move', 'fall', 'begin', 'stand', 'marry', 'accuse', 'suffer', 'couple', 'visit', 'enamour', 'help', 'incident', 'disarm', 'take', 'run', 'drive', 'crash', 'emerge', 'reveal', 'talk', 'say', 'describe', 'tell', 'leave', 'leave', 'get', 'go', 'stab', 'stash', 'hold', 'take', 'shoot', 'kill', 'house', 'car', 'struggle', 'belligerent']
27	['make', 'arrive', 'separate', 'near', 'realize', 'escape', 'sneak', 'threaten', 'go', 'separate', 'force', 'shoot', 'Marsh', 'appear', 'respond', 'meet', 'deny', 'go', 'kiss', 'make', 'ask', 'admit', 'embrace', 'meet', 'know', 'suspect', 'make', 'husband', 'bed', 'loyalty', 'encounter', 'learn', 'marry', 'learn', 'show', 'named', 'pregnant', 'owner', 'see', 'write', 'confront', 'face', 'love', 'wife', 'fearful', 'physician', 'say', 'save', 'arrive', 'watch', 'complete', 'awaken', 'fail', 'trap', 'accept', 'marry', 'retrieve', 'inform', 'lead', 'convince', 'convince', 'help', 'victim', 'screaming', 'test', 'unable']
28	['happen', 'pull', 'fall', 'fill', 'death', 'death', 'death', 'wake', 'wake', 'brother', 'free', 'reason', 'leave', 'believe', 'hatred', 'hatred', 'wife', 'suicidal']
29	['drive', 'ask', 'take', 'beat', 'see', 'grab', 'go', 'say', 'meet', 'watch', 'play', 'whisper', 'run', 'call', 'stand', 'break', 'call', 'see', 'man', 'know', 'buzz', 'walk', 'perplex', 'tell', 'plague', 'lock', 'cell', 'front', 'front', 'saxophonist']
30	['try', 'learn', 'learn', 'kill', 'persuade', 'wife', 'vain', 'miss', 'intend', 'drive', 'hear', 'try', 'decide', 'drive', 'tell', 'live', 'warm', 'take', 'drive', 'confront', 'confront', 'mistaken', 'wife', 'car', 'reveal', 'fall', 'move', 'wife', 'puzzled']
31	['sort', 'help', 'see', 'tell', 'sort', 'husband', 'go', 'ask', 'tell', 'find', 'marry', 'fiance', 'gay', 'arrange', 'pack', 'disappear', 'call', 'take', 'come', 'return', 'bring', 'agree', 'leave', 'arrive', 'propose', 'call', 'fight', 'pawn', 'marry', 'find', 'pay', 'purchase', 'see', 'Back', 'continue', 'urging', 'liking', 'liking', 'absence', 'singing', 'call', 'exit', 'see', 'leave', 'go', 'kill', 'face', 'friend', 'wife', 'friend', 'asleep']
32	['provoke', 'provoke', 'ask', 'reveal', 'flare', 'express', 'drive', 'get', 'decide', 'go', 'pretend', 'say', 'get', 'confess', 'work', 'leave', 'stay', 'arrest', 'ask', 'pose', 'accept', 'release', 'scold', 'ask', 'father', 'photo', 'plan', 'plan', 'love', 'son', 'friend', 'Manager', 'creep', 'remember', 'want', 'win', 'beat', 'agree', 'leave', 'mean', 'meet', 'kill', 'arrive', 'back', 'take', 'remind', 'exonerate', 'confront', 'divorce', 'tell', 'ask', 'drop', 'implicate', 'recognize', 'frame', 'guilt', 'pocket', 'life', 'apprehension', 'problem', 'lighter', 'fleeing', 'hometown', 'change', 'lighter', 'professor', 'professor', 'tell', 'sing', 'get', 'become', 'go', 'find', 'go', 'send', 'lose', 'tell', 'kiss', 'find', 'remarry', 'eat', 'feeling', 'wife', 'feeling', 'widow', 'see', 'past', 'father', 'student', 'student', 'turn', 'remark', 'go', 'play', 'masturbate', 'suggest', 'marry', 'confuse', 'seem', 'know', 'seduce', 'play', 'receive', 'end', 'tease', 'seduce', 'give', 'handsome', 'catching', 'closer', 'marine biologist', 'cancel', 'realize', 'start', 'love', 'save', 'appoint', 'marry', 'introverted', 'child', 'convert', 'apologize', 'wish', 'refuse', 'give', 'win', 'say', 'choose', 'decide', 'convert', 'hide', 'admit', 'express', 'beg', 'send', 'ask', 'stay', 'offer', 'remind', 'call', 'obsess', 'move', 'keep', 'expel', 'demeanor', 'son', 'mother', 'son', 'Jew', 'commander', 'wife', 'admit', 'leave', 'go', 'meet', 'insist', 'bail', 'fit', 'persuade', 'return', 'get', 'find', 'begin', 'return', 'pianist', 'grow', 'talk', 'meet', 'elope', 'marry', 'parent', 'uncle', 'marriage', 'student', 'student', 'grow', 'talk', 'meet', 'elope', 'marry', 'parent', 'uncle', 'marriage', 'student', 'student', 'close', 'name', 'marry', 'inform', 'confront', 'house', 'brother', 'dependent', 'sister', 'jump', 'stop', 'make', 'marry', 'shoot', 'save', 'take', 'class', 'work', 'fear', 'father', 'track', 'eat', 'include', 'fall', 'eat', 'decide', 'work', 'fear', 'father', 'track', 'eat', 'include', 'fall', 'eat', 'decide', 'document', 'view', 'determine', 'injure', 'kill', 'fall', 'document', 'view', 'determine', 'injure', 'kill', 'fall', 'vessel', 'nemesis', 'wife', 'documentary', 'producer', 'crew', 'envious', 'sterile', 'envious', 'vessel', 'nemesis', 'wife', 'documentary', 'producer', 'crew', 'envious', 'sterile', 'envious', 'pilot', 'oceanographer', 'reveal', 'fall', 'move', 'wife', 'puzzled', 'inform', 'explain', 'leave', 'convince', 'introduce', 'wish', 'realize', 'act', 'horrify', 'change', 'marry', 'change', 'engage', 'introduce', 'Beach', 'housekeeper', 'uncle', 'parent', 'Beach', 'father', 'mother', 'explain', 'tell', 'come', 'act', 'marry', 'recognize', 'father', 'marriage']
33	[]
